,business,email
0,Trusted AC Repair,sponsors@christianlifeministries.org
1,Jones Heating & Air Conditioning,service@jonesheatingandair.com
2,Dale's Auto Mechanics,dale.har
3,"Brents & Sons Heat & Air, Inc.",keith@brentsandsons.com
4,business,email
5,Jones Heating & Air Conditioning,email@domain.com
7,Trusted AC Repair,email@domain.com
9,"George Vontungeln Heating & Air, LLC",email@domain.com
13,First Financial | Official Site,webmaster@psychic-samantha.com
14,ATM,atm_locator_admin@aexp.com
16,Bank of America Financial Center,email@domain.com
18,First Financial | Official Site,email@domain.com
25,"Little Rock Bolt & Supply Co., Inc.",email@domain.com
27,Abrasives4sale.com,email@domain.com
33,New Life Church,familylifebc@gmail.com
34,New Life Baptist Church,newlifebapt@sbcglobal.net
35,Christian Life Ministries,sponsors@christianlifeministries.org
37,The Abundant Life Center,email@domain.com
39,New Life Church Of God,email@domain.com
41,Abundant Life Family Worship,email@domain.com
44,InterContinental,keith@brentsandsons.com
45,Candlewood Suites,instagram-f4910019154e1e8c30ddb2532c593f80@instagram.com
46,Home2 Suites By Hilton Conway,instagram-84c891342329d2bcab70ef5bca65707c@instagram.com
47,Mather Lodge Restaurant,petitjean@arkansas.com
48,Cedar Falls Motel,ecochran@me.com
49,Days Inn Morrilton,accessibility@wyn.com
50,Holiday Inn Express & Suites Conway,holidayinnexpress@conwayhospitality.com
52,Hampton Inn,email@domain.com
54,Holiday Inn,email@domain.com
56,InterContinental,email@domain.com
60,Evergreen Acupuncture & Oriental Medicine,holidayinnexpress@conwayhospitality.com
62,"Andres, Amanda",email@domain.com
64,Curtis Chiropractic And Wellness Center,email@domain.com
66,Evergreen Acupuncture & Oriental Medicine,email@domain.com
68,Ozark Chiropractic Arts,email@domain.com
70,The Chemistry Connection,contact@thechemistryconnection.com
71,Hisco Inc,janis@fancyapps.com
72,Textape Incorporated,mcallen@textape.com
74,Hisco Inc,email@domain.com
76,Textape Incorporated,email@domain.com
80,3M Co,email@domain.com
82,Grace adoptions,graceadoptions@gmail.com
83,Eastman Sam,sam@sameastmanlaw.com
84,Anna Sanford Atty,josh@sanfordlawfirm.com
85,Eastman Law Office PLLC,sam@sameastmanlaw.com
86,Aloha Law Firm,drasmussen@conwaycorp.net
87,James E Hensley Jr,jehensley@centurytel.net
88,Vaden Atty Marcus At Law,meccah@marcusvaden.com
89,Shane Henry & Association,shane@shafirm.com
90,C. James Kubicek Attorney at Law,maddenlawbk@gmail.com
91,Fry Firm,frylawyer@hotmail.com
92,"Rasmussen, Danny",drasmussen@conwaycorp.net
93,Marcus Vaden,meccah@marcusvaden.com
94,McKinney & McKinney Attorneys At Law,secretary@mckinneyandmckinney.com
95,Bargar Law Firm Pa,admin@bargarlawfirm.com
96,Roy Beth Kelley Attorney,privacy@afternic.com
97,Eastman Law Office P,sam@sameastmanlaw.com
98,Shane Henry & Associates P,shane@shafirm.com
100,ABBA Adoption,email@domain.com
102,Owens Mixon & Gramling PA,email@domain.com
104,"An Angel's Choice Adoption Agency, Inc.",email@domain.com
106,"Sprott, Golden & Bardwell",email@domain.com
108,Inflatable Adventures of Arkansas,shane@shafirm.com
110,Urban Air Adventure Park,email@domain.com
112,Gaelic Adventures Inc,email@domain.com
115,Pirate's Cove Adventure Golf,email@domain.com
117,Cheep Cheep Postcards - Direct Mail Advertising,sales@cheep-cheep.com
118,Netherton Promotions Inc,klnetherton@sbcglobal.net
120,DRE Media Group LLC,email@domain.com
122,YP Marketing Solutions,email@domain.com
130,"Mid-State Sign & Supply, Inc.",midstatesignandsupplyinc@gmail.com
131,Rhr Adpro Advertising,sales@everychannel-marketing.com
132,Crosspointe Consulting,name@email.com
133,Nicholson Group,dann@thenicholsongrp.com
134,The Sign Hub,nick@signhubgraphics.com
138,Writing Assistance Inc.,email@domain.com
145,Traffic Ticket Attorneys,trafficticket11@gmail.com
146,Madden Law Firm,maddenlawbk@gmail.com
147,Mason Law Firm,lmason@masonfirmar.com
148,Attorneys Collectors & Investigators,info@thedlrfirm.com
149,Debt Collection Firm,info@collectionattorneyfirm.com
151,"Dodds, Kidd Ryan Attorneys at Law",email@domain.com
153,Scholtens & Averitt PLC,email@domain.com
155,UPRIGHT LAW - BANKRUPTCY ATTORNEYS,email@domain.com
159,Diet Doc Weight Loss,info@collectionattorneyfirm.com
160,WorkoutSandbags,info@workoutsandbags.com
161,Conway Regional Lifeline,info@conwayregional.org
162,Champion Fitness,admin@championfitnessplus.com
164,Curves,email@domain.com
166,Diet Doc Weight Loss,email@domain.com
172,Colorado Technical University - Online/Stonecliffe,privacymatters@careered.com
173,University of Arkansas Community College-Morrilton,adm@uaccm.edu
175,Colorado Technical University - Online/Stonecliffe,email@domain.com
181,San Joaquin Valley College,email@domain.com
183,Medical Transport Services,info@medicaltransportservices.com
185,Medical Transport Services,email@domain.com
193,FedEx Ship Center,info@medicaltransportservices.com
194,AIR 7 SEAS Transport Logistics Inc,info@air7seas.us
196,FedEx Ship Center,email@domain.com
200,DHL Express ServicePoint,email@domain.com
202,UPS,email@domain.com
204,CFM Service Co,info@air7seas.us
210,AirWorks Heating & Cooling,email@domain.com
214,Curtis Heating & Cooling Inc,email@domain.com
216,Stevenson Heating & Air Inc,corporate.off
217,Heating and Air Conditioning from The Home Depot,you@domain.com
220,Taylor Heating & Air,email@domain.com
222,B & L Heating and Air,email@domain.com
224,CenterPoint Energy,email@domain.com
229,Environmental Services Co Inc,email@domain.com
231,"Control Heating & Cooling, Mechanical Contractors",email@domain.com
233,Petrus Pontiac Buick GMC,email@domain.com
235,Master Tech Auto Repair,email@domain.com
237,Christian & Missionary Alliance,russcma@suddenlinkmail.com
239,Christian & Missionary Alliance,email@domain.com
243,"A.C.I. Supply, Co., Inc.",russcma@suddenlinkmail.com
244,Legacy Fencing,info@legacyfencing.com
245,Fence World,fenceworldar@aol.com
247,Fence Brokers,email@domain.com
249,"A.C.I. Supply, Co., Inc.",email@domain.com
255,Sunoco,fenceworldar@aol.com
256,Murphy USA,customercare@murphyusa.com
257,Citgo,info@citgo.com
258,USA Fleet Solutions,info@usafleetsolutions.com
260,Quick Fuel,email@domain.com
262,Cenex,email@domain.com
266,Shell,email@domain.com
268,Dr. Carson's Natural Healing Center,info@usafleetsolutions.com
269,Beard Family Chiropractic,beardfamilychiropractic@gmail.com
270,Living Well Chiropractic,drchance@conwaycorp.net
272,J Terry Simmons DC,email@domain.com
274,Dr. Carson's Natural Healing Center,email@domain.com
280,Speedy Metals,drchance@conwaycorp.net
281,Online Store Metals,welderman111@gmail.com
282,Pipe & Tube Supply,ptsemail@comcast.net
283,Aluchem of Little Rock,aluchem@aluchem.com
284,Action Spring Co,karenp@actionspringco.com
286,Speedy Metals,email@domain.com
304,B. K. Commotrade Pvt. Ltd,email@domain.com
306,Harvey's Garage,email@domain.com
308,Worley's Rental,email@domain.com
310,Magic Springs Theme & Water Park,info@medicaltransportservices.com
311,Loco Ropes,goloco@locoropes.com
312,Petit Jean State Park,petitjean@arkansas.com
313,Museum of Automobiles,buddy@museumofautos.com
314,Holla Bend Refuge,hollabend@fws.gov
315,MacArthur Museum Of Arkansas Military History,macarthur@littlerock.gov
316,Mid-America Science Museum,jimm@midamericamuseum.org
317,Arkansas State Fair,info@arkansasstatefair.com
318,Lake Catherine State Park,lakecatherine@arkansas.com
319,The Winery,james.can
320,Splash Zone,khouse@cityofjacksonville.net
322,Magic Springs Theme & Water Park,email@domain.com
324,Loco Ropes,email@domain.com
328,Silver Dollar City Theme Park,email@domain.com
330,Saint Andrew's Anglican Church,khouse@cityofjacksonville.net
331,Cross Church Fayetteville,webmaster@crosschurch.com
333,Saint Andrew's Anglican Church,email@domain.com
335,First Baptist Church,email@domain.com
339,Cross Church Fayetteville,email@domain.com
341,"The Lasik Vision Institute, LLC",webmaster@crosschurch.com
343,Anatomical Visions,email@domain.com
345,"The Lasik Vision Institute, LLC",email@domain.com
349,RenderWorx Visual Design,email@domain.com
351,Apostolic Lighthouse,webmaster@crosschurch.com
352,Lawson Pentecostal Church,info@theneighbourhoodchurch.org
354,Joy of Life Church,email@domain.com
356,Bono First United Pentecostal Church,email@domain.com
358,Harvest Fellowship Pentecostal,email@domain.com
360,United Pentecostal Church,email@domain.com
363,Cheers Beaches,cheersbeaches@gmail.com
364,Bodycandy.com,support@simprosys.com
365,Jack and Diane's Boutique,shop@jackanddianesboutiques.com
366,The Sporty Runner,sportyrunner@sbcglobal.net
367,Illustrated Sportswear,info@illustrated-sportswear.com
368,Silver Needle Mail Order,lindy@thesilverneedle.com
369,Group USA and Camille LaVie Women's Apparel,customerservice@clv.com
371,Holloway Sportswear Inc,email@domain.com
373,Online Store Metals,email@domain.com
379,Apple Store,customerservice@clv.com
381,Apple Store,email@domain.com
383,CPR Cell Phone Repair Jacksonville,email@domain.com
385,Little Apple,email@domain.com
387,CCA - Aquarium Supplies Online,info@cacustomaquariums.com
389,CCA - Aquarium Supplies Online,email@domain.com
397,Wiliams & Dean Architecture / Interior Design,info@cacustomaquariums.com
398,Crafton Tull,service@craftontull.com
399,Collins Architects,info@rodcollinsconstruction.com
401,Landscape Associates,email@domain.com
403,Brackett-Krennerich & Associates PA Architects,email@domain.com
405,Wiliams & Dean Architecture / Interior Design,email@domain.com
407,Roe Architect Elton PA,email@domain.com
409,Empire Today,info@rodcollinsconstruction.com
410,Conway Flooring and Design,conwayflooringanddesign@conwaycorp.net
412,Standfill Floor Company Inc,email@domain.com
414,Empire Today,email@domain.com
420,Grace Baptist Church,conwayflooringanddesign@conwaycorp.net
421,Journey Church,journeytogether2014@gmail.com
422,Welcome Home Baptist Church,interested@domainmarket.com
423,First Baptist Church,jcampbell@pvfbc.org
424,Temple Missionary Baptist Chr,templembc2725@gmail.com
426,Christ Church,email@domain.com
428,Cash First Baptist Church,email@domain.com
430,Capps Charles Ministries Inc,email@domain.com
432,Osage Baptist Church,email@domain.com
434,Armed Training Solutions,templembc2725@gmail.com
435,Alert  Patrol Security Guards & Protection Services,info@alertpatrol.com
437,Auxora Arms Apts,email@domain.com
439,Rocky Range Arms,email@domain.com
441,Open Arms Shelter,email@domain.com
443,Armer Roofing & Construction,email@domain.com
445,Flat Rock Arms & Outdoors,info@alertpatrol.com
447,Remington Arms Company Inc,email@domain.com
455,Security Steel Sales,email@domain.com
457,Garden Gallery and Studio,email@domain.com
459,Arts Center Of The Grand Prairie,email@domain.com
461,Spring Street Arts,email@domain.com
463,Jerry's Artarama,info@alertpatrol.com
464,Haynes Home Center,todd@haynesace.com
466,The Hide House Quality Leather & Hides For All Industries,hideinfo@hidehouse.com
468,Airbrush Kreationz,email@domain.com
470,Jerry's Artarama,email@domain.com
474,Lin Wellford Rock Painting and ArtStone Press,email@domain.com
476,National Greens,hideinfo@hidehouse.com
478,National Greens,email@domain.com
482,ForeverLawn of The Ozarks,email@domain.com
492,Jerry's Artarama,hideinfo@hidehouse.com
493,Affordable Glass & Mirror,contact@affordableglassmirror.com
505,Psychic Rosalia - Specializing in Love,hideinfo@hidehouse.com
506,Psychic Gianna Nations Top Rated Psychic,readingsbygianna@gmail.com
507,Spiritual Psychic Donna,psychicdonna88@gmail.com
508,Psychic Anna Love Specialist,anna.psy
509,Psychic Julia Love Specialist & Spell Casting,psychicjulia@yahoo.com
510,Psychic Readings by Cecelia,psychiccecelia@gmail.com
511,Powerful Psychic Isabella,thesuperiorpsychic@gmail.com
512,Psychic Love Network,psychiclovenetwork@gmail.com
513,Love Spells & Psychic Readings By London Scott,psychicparis@yahoo.com
514,World Famous Love Psychic Priya,readings@worldfamouslovepsychic.com
515,Sam The Psychic,webmaster@psychic-samantha.com
517,Top Rated Love Psychic Monica,email@domain.com
525,Sound-Craft Systems Inc,atm_locator_admin@aexp.com
527,Hollywood Audio Video,email@domain.com
529,Back Beat Music,email@domain.com
531,Stereo Junction,email@domain.com
533,Sandor Sound Services Group,email@domain.com
535,Crowne Plaza,atm_locator_admin@aexp.com
536,Crowne Plaza,1800meeting@ihg.com
537,The Brick Room Event Center,brickroomevents@gmail.com
538,La Quinta,accessibility@wyn.com
539,Best Western Inn,abc@abc.com
540,Clarion Inn & Suites Russellville I-40,gm.ar1
541,Fairfield Inn And Suites,abc@abc.com
542,Candlewood Suites Hot Springs,candlewoodsuitesar@yahoo.com
543,UCA Downtown,downtown@uca.edu
544,"LeanUp, LLC",info@leanupward.com
545,Country Club Entertainment,govr@aol.com
547,Knights Inn,email@domain.com
549,Crowne Plaza,email@domain.com
555,Cash For Cars,email@address.com
556,Smith Ford Inc,name@domain.com
557,Charton's Motors,sales@571water.com
558,Ken's Used Cars,info@trinitydevelopmentinc.com
560,WorkTrucksAndVans.com - T & B Auto Sales,email@domain.com
562,Cash For Cars,email@domain.com
568,Conway Collision Center Inc,claims@conwaycollisioncenter.com
569,Faulkner Collision Center Inc,faulknercc@cablelynx.com
570,Central Arkansas Towing,charleycockrum@gmail.com
571,"Roberson Tire Service, Inc.",melissafastdriving@yahoo.com
573,Jiffy Lube Multicare Service Center,email@domain.com
575,Apex Collision Center,email@domain.com
577,Faulkner Collision Center Inc,email@domain.com
579,Carter & Sons Service Center,email@domain.com
581,Mr. Brake & Lube,mrbrake2017@gmail.com
582,Specialized German Recycling - Used BMW Parts,sales@specializedgerman.com
583,Bumper To Bumper Auto Parts/Crow Burlingame,info@btbautoparts.com
585,Sullivan's Automotive,email@domain.com
587,Mr. Tire Auto Service Centers,email@domain.com
593,Safelite AutoGlass,info@btbautoparts.com
598,Jones Air Systems,email@domain.com
600,AAMCO Transmissions & Total Car Care,email@domain.com
606,Sparrow Flying Club,name@domain.com
607,Barrett Aviation,harry@barrettaviation.com
609,Barrett Aviation,email@domain.com
612,Flight Training By Apd Systems,email@domain.com
614,Summit Aviation,email@domain.com
617,B 2 Cheer & Dance Inc,email@domain.com
619,V & B Manufacturing Co,email@domain.com
622,Suhor Industries Inc,email@domain.com
625,Central Baptist College,info@cbc.edu
626,Pulaski Technical College,lparker@uaptc.edu
627,Health-Care Pharmacy,cwpharm@suddenlinkmail.com
628,Pottsville Pharmacy,pottsvillerx@suddenlinkmail.com
629,Newton Pharmacy,getscraped99@gmail.com
630,River Valley School of Massage,admissions@rvsmassage.com
632,Remington College - Little Rock Campus,email@domain.com
634,Williams Baptist College,email@domain.com
636,Phillips Community College,email@domain.com
638,North Arkansas College,email@domain.com
640,Edward Jones - Financial Advisor: Deedra B Berkemeyer,admissions@rvsmassage.com
645,Case Management Foundation,foundation@cmsa.org
647,Stat-Ed,email@domain.com
649,Edward Jones - Financial Advisor: Matthew B Kraus,email@domain.com
669,Harps Food Store,foundation@cmsa.org
671,Food Giant,email@domain.com
673,Bill's Super Foods,email@domain.com
675,Riceland Foods Inc,email@domain.com
677,Harps Food Store,email@domain.com
679,Monkey & Me,csr@russellvillemedical.com
680,Belk,belk_customer_care@belk.com
682,Black Dog Boutique,email@domain.com
684,Old Navy,email@domain.com
686,Belk,email@domain.com
688,"Dawn Edmunds, Avon Independent Sales Representative",email@domain.com
690,Shari's Berries,belk_customer_care@belk.com
691,Cinnabon,jonbon@cinnabon.com
692,Patticakes,info@patticakesbakery.com
693,Lybrand's Bakery & Deli,support@thedoctopdf.com
694,Main Street Donut Shop,info@daylightdonuts.com
696,Walmart - Bakery,email@domain.com
698,Shari's Berries,email@domain.com
704,Jo-Ann Fabric and Craft Stores,info@daylightdonuts.com
705,Michaels - The Arts & Crafts Store,yourname@email.com
706,Kitchen Collection,customer.ser
707,Scruggs H F Inc,info@hfscruggs.net
709,Le Creuset,email@domain.com
711,Jo-Ann Fabric and Craft Stores,email@domain.com
715,Kitchen Collection,email@domain.com
717,Add Sum Balloons,info@hfscruggs.net
719,Add Sum Balloons,email@domain.com
721,Best Wishes Party Service,email@domain.com
726,Glossy Oak Floors Inc,jdjm22@gmail.com
728,TIG FLOORING USA,email@domain.com
730,Berry Floor Leveling LLC,email@domain.com
732,Glossy Oak Floors Inc,email@domain.com
734,Empire Carpet,email@domain.com
736,Cato,jdjm22@gmail.com
738,Back Roads Tattoo,back.roa
739,Claire's,customersupport@claires.com
742,Avon,email@domain.com
744,Stage,email@domain.com
748,JCPenney,email@domain.com
750,Farmers & Merchants Bank,sportyrunner@sbcglobal.net
751,U.S. Bank,portaldotcom@usbank.com
752,Advantage Business Capital,advantage@cbhou.com
754,Bank of the Ozarks,email@domain.com
756,First National Bank Of Walnut Ridge,email@domain.com
758,BancorpSouth,email@domain.com
760,Equity Bank,email@domain.com
762,InterContinental,advantage@cbhou.com
765,Simply Elegant Ceremonies,lisa.sho
766,Candlewood Suites Conway,gm@candlewoodconway.com
768,Crowne Plaza Little Rock,helpme@isquarecap.com
769,Candlewood Suites West Little Rock,candlewoodsuiteswlr@yahoo.com
770,Staybridge Suites Little Rock - Medical Center,katrice@makanhospitalitymgt.com
771,Holiday Inn Little Rock-Airport-Conf Ctr,bryan.nel
772,Holiday Inn Little Rock-Presidential-Dwntn,nick@holidayinnpresidential.com
773,Holiday Inn Little Rock West - Chenal Pkwy,erica.vau
774,Holiday Inn Express & Suites Little Rock-West,hiexpresslittlerockwest@gmail.com
775,Holiday Inn Express Little Rock-Airport,dos.lit
776,Candlewood Suites North Little Rock,angelica@makanhospitalitymgt.com
777,Holiday Inn Express & Suites Maumelle - Little Rock NW,hiegm.mau
778,Holiday Inn Express & Suites Bryant - Benton Area,hiexbryant@gmail.com
780,Hidden Chapel At Acadiana Acres,email@domain.com
782,Holiday Inn Express,email@domain.com
788,Grace Baptist Church,webmaster@gracebaptist.org
790,First Baptist Church,guest@fbcmorrilton.com
791,Bethel Missionary Baptist Church,info@bethelbc.org
793,First Baptist Church of Bryant,email@domain.com
797,Lakeside Missionary Baptist,email@domain.com
801,PlazSales Point of Sale Systems,info@bethelbc.org
803,PlazSales Point of Sale Systems,email@domain.com
805,"Specialty Machinery & Equipment, Inc.",email@domain.com
811,Yesterday's,info@bethelbc.org
813,Speak Easy Coffee Bar,email@domain.com
815,Bushwackers,email@domain.com
818,Brew & Cue,email@domain.com
820,Bed Bath & Beyond,info@bethelbc.org
821,Furniture Row,name@domain.com
822,"Ferguson Bath, Kitchen & Lighting Gallery",cs@fergusonshowrooms.com
823,Stroud's Home Furnishings,dustin@stroudshome.com
825,Riggs Flooring,tilemanrod@gmail.com
826,Superior Linen Service,info@superlinen.com
827,J Fagan Construction Inc,jfaganconst@me.com
829,Bed Bath & Beyond,email@domain.com
835,Furniture Row,email@domain.com
837,O'Reilly Auto Parts,jfaganconst@me.com
839,O'Reilly Auto Parts,email@domain.com
847,Mean Bean Cafe,info@meanbeancafear.com
848,Kitchen Essentials,becki@kitchenessentials.net
849,Midtown Coffee,midtownbrew@gmail.com
850,Round Mountain Coffee Co,info@roundmountaincoffee.com
851,Share the Love Kidsclub,sharetheloveclub@gmail.com
853,S & D Coffee Inc,email@domain.com
855,Shadrach's Coffee,email@domain.com
857,Lybrand's Bakery & Deli,email@domain.com
859,Ranch House,email@domain.com
863,Arbonne International,sharetheloveclub@gmail.com
865,Salon M.E.,email@domain.com
867,Trade Secret,email@domain.com
869,Sheridan White Rock Quarry,email@domain.com
874,The Golden Comb,melinda@goldencomb.com
878,MasterCuts,email@domain.com
886,Back Road Beauty Parlor,email@domain.com
889,Bedding Mart,onlinesupport@thebeddingmart.com
890,"Foam N More & Upholstery, Inc",sales@foamforyou.com
902,Arkansas Furniture,mike@arfrn.com
905,My Furniture Warehouse,email@domain.com
913,Beef Jerky Outlet,email@domain.com
918,Sportstop,info@sportstopinc.com
921,J.Crew,julie@jcrew.com
922,Tuesday Morning,name@email.com
924,Sportstop,email@domain.com
926,Bodycandy.com,email@domain.com
930,Hibbett Sports,email@domain.com
932,Carr's Chain Reaction Inc,name@email.com
934,Chainwheel,email@domain.com
936,Gearhead Outfitters,email@domain.com
938,J & P Bike Shop,email@domain.com
940,Bicycle Outfitter,email@domain.com
942,Bobby's Bike Hike Tours,name@email.com
944,Bobby's Bike Hike Tours,email@domain.com
946,Take It Easy Resort,email@domain.com
950,White River Kayaking & Outdoors,email@domain.com
952,Bills Auto Machine,name@email.com
953,L & L Systems Inc,info@landlsystems.com
955,Coinstar,email@domain.com
963,WIGHT OFFICE MACHINES,info@landlsystems.com
964,Staples,alexandria@staples.com
965,Kwik Print Printing,kpwebmail@sbcglobal.net
966,Advance Print Solutions,kathybaps@gmail.com
967,Bank and Business Solutions,info@bnbsinc.com
968,Best Buy,s-001438-leaders@bestbuy.com
969,Pettus Office Products,orders@pettusop.com
970,School and Office Products of Arkansan,info@sopainc.com
971,Canon Solutions America,busdev@csa.can
972,Discount Imaging,webmaster@discountimaging.com
974,Bank and Business Solutions,email@domain.com
976,David Martin Office Interiors,email@domain.com
978,E W Inc,email@domain.com
980,Clark Office Products Inc,email@domain.com
982,Arkansas Quartermaster,webmaster@discountimaging.com
984,Arkansas Quartermaster,email@domain.com
986,Wild Birds Unlimited,email@domain.com
991,Speedy Metals,webmaster@discountimaging.com
992,Thermal Products Company Inc,info@thermalproductsco.com
994,ABC Block Inc,email@domain.com
1000,ABC Block & Brick,email@domain.com
1002,"Biotest Plasma Center, Plasma Donation Centers",info@thermalproductsco.com
1003,"DCI Biologicals, Inc.",biosave@bplgroup.com
1004,Civitan Donation Center,info@civitanservices.com
1006,"Biotest Plasma Center, Plasma Donation Centers",email@domain.com
1008,BPL Plasma,email@domain.com
1010,Octapharma Plasma Inc,email@domain.com
1012,Community Blood Center,email@domain.com
1014,Arkansas Turbo Inc,email@domain.com
1018,H & W Boiler Service,info@civitanservices.com
1020,B & F Air Solutions Inc,email@domain.com
1022,McNulty Plumbing Inc,email@domain.com
1024,Lonoke Service Company LLC,email@domain.com
1026,A & A Plumbing Inc,email@domain.com
1028,Dorrance Publishing Company,info@civitanservices.com
1029,irbo PhOTO BOOK DeSIGN,janamarie@irbo.net
1031,Dorrance Publishing Company,email@domain.com
1039,Barnes & Noble Booksellers,janamarie@irbo.net
1040,Booktogothailand.Com,booktogo@hotmail.com
1041,The Uaccm Bookstore,adm@uaccm.edu
1042,The Uaccm Bookstore,theuaccmbookstore@gmail.com
1044,Barnes & Noble Booksellers,email@domain.com
1052,Pense Brothers Drilling Co,info@pensebros.com
1053,Anderson Engineering Consulatants Inc,aecigeo@comcast.net
1054,Hills of Arkansas Inc,frank@hillsofarkanas.com
1056,Accurate Boring Co,email@domain.com
1058,Anderson Engineering Consulatants Inc,email@domain.com
1060,Materials Testing Of Arkansas Inc,email@domain.com
1062,Long's Drilling Service Inc,email@domain.com
1064,Walmart Supercenter,frank@hillsofarkanas.com
1068,Painted Tree Vintage Market Antiques,email@domain.com
1070,Walmart,email@domain.com
1074,Walmart Supercenter,email@domain.com
1076,Millennium Bowl,info@millenniumbowlar.com
1077,Fiesta Bowl,fiestabowlingcenter@gmail.com
1079,Professor Bowl West,email@domain.com
1081,Jonesboro Bowling & Recreation,email@domain.com
1083,Rice Bowling Center,email@domain.com
1085,Cottonwood Bowl,email@domain.com
1087,Speedy Metals,fiestabowlingcenter@gmail.com
1092,Acme Brick Tile & Stone,email@domain.com
1098,Bears Den Photography,bearsden@arbbs.net
1099,Angie Davis Photography,info@photographybyangiedavis.com
1100,Following Splendor Images,followingsplendorimages@gmail.com
1101,Sharpe Videography,sharpevideographyinquiry@gmail.com
1102,Photography By Melisa,melisas@swbell.net
1105,DJ Nightmare Productions,email@domain.com
1108,Captures Photography,email@domain.com
1110,Budget Inn,melisas@swbell.net
1112,Budget Inn Little Rock,email@domain.com
1114,The Hotel Rhea,email@domain.com
1118,Family Budget Inn,email@domain.com
1120,Arwood Waste,customerservice@arwoodwaste.com
1121,North American Dismantling & Demolition,info@nadc1.com
1122,Haston Recycling LLC,hastonrecycling@yahoo.com
1123,Contractors Choice,customerservice@arwoodwaste.com
1124,Easy Dumpster Rental,info@easydumpsterrental.com
1125,Lipsmeyer Demolition,lipsmeyerdemolition@yahoo.com
1127,Arwood Waste,email@domain.com
1138,Superior Concrete Inc,calebburnett@att.net
1142,Speedy Metals,lipsmeyerdemolition@yahoo.com
1143,McCoy Millwork,sales@mccoymillwork.com
1146,Little Rock Equipment Sales,email@domain.com
1152,Speedy Metals,calebburnett@att.net
1153,Stedman's Inc Ace Hardware,stedmans@classicnet.net
1154,Pierce & Co,acehardware509@yahoo.com
1159,Hostetler Roofing,melisas@swbell.net
1164,Arch Ford Cooperative,lori.win
1165,Harris Plaster & Constr,teddrickj@gmail.com
1167,Rogers James A Excavating Inc,email@domain.com
1169,North American Dismantling & Demolition,email@domain.com
1171,Hostetler Roofing,email@domain.com
1175,Turtle Target,info@thermalproductsco.com
1176,Rivercity Print & Imaging,info@rcpionline.com
1179,Commercial Mail Service,email@domain.com
1181,Mailmaster,email@domain.com
1187,Randy's Brochure Service,email@domain.com
1189,Penny Pincher Printing,sales@cheep-cheep.com
1190,Aero Signs,info@kwikkopy.com
1192,Kwik Kopy Printing,email@domain.com
1194,Inkopolis Design Service,email@domain.com
1196,Aero Signs,email@domain.com
1198,Kwik Kopy,info@kwikkopy.com
1200,ABC Advertising Inc,email@domain.com
1202,J. David Tax Law LLC,info@kwikkopy.com
1205,GEICO for Your Business,overseas@geico.com
1206,Techs In A Sec,info@techsinasec.com
1207,Fleet Vehicle Disposal & Commercial Liquidations,contact@fleetvehicledisposal.com
1209,Your Computer People,email@domain.com
1211,J. David Tax Law LLC,email@domain.com
1221,Diamond Lakes CPA Services,gene@diamondlakescpa.com
1223,GEICO for Your Business,email@domain.com
1225,Holiday Inn,contact@fleetvehicledisposal.com
1227,InterContinental,instagram-57848d7f7180ea69b339a20fc6f05f5a@instagram.com
1240,Holiday Inn,gene@diamondlakescpa.com
1241,Holiday Inn Express,instagram-c2cf690a41064d112099217643bfd77b@instagram.com
1244,InterContinental,instagram-186fa2f9f60fa88566e425bbcbf389f0@instagram.com
1245,B's Duck Lodge,scottbaskins870@gmail.com
1246,Holiday Inn Express & Suites Lonoke I-40 (Exit 175),pinesmallexpress@yahoo.com
1247,Holiday Inn Express & Suites White Hall,reservations@hiexlonoke.com
1248,Holiday Inn Little Rock-Presidential-Dwntn,ihgwhitehall@gmail.com
1249,Holiday Inn Express & Suites Little Rock-West,nick@holidayinnpresidential.com
1253,C & A Auto Engine Rebuilders & Auto Repair Service,hiegm.mau
1255,Ca Networking & Consulting,email@domain.com
1258,C & A Auto Engine Rebuilders & Auto Repair Service,email@domain.com
1260,C & A Parts Unlimited,info@btbautoparts.com
1262,"Arnold, C A, MD",email@domain.com
1264,Benson Pump,comments@conwaycorp.net
1265,Green Thumb Garden Center of Little Rock,mark@greenthumblr.com
1266,Conway Central Station,info@citgo.com
1267,Trigon Engineering Company,dcarson@trigonengineering.com
1269,Barco Pump,email@domain.com
1271,Pumps Of Oklahoma,email@domain.com
1273,Pump Station Supervisor,email@domain.com
1275,The Ideal Pump Co.,info@techsinasec.com
1276,Bone Septic Service inc,info@boneseptic.com
1277,Frank Elder Well Supply,frank@fewsco.com
1279,Empire Pump Service Inc,email@domain.com
1281,Inogen,sales@danmarproducts.com
1282,Arkansas Welding Supply Inc.,sales@awisupply.com
1284,Inogen,email@domain.com
1290,Inogen,searcyflorist@sbcglobal.net
1294,Conway Corp,comments@conwaycorp.net
1296,Cameron Wire & Cable Inc,email@domain.com
1298,Independence County Cable TV,email@domain.com
1302,Time Warner Cable,info@btbautoparts.com
1303,Altice USA,switchup@suddenlink.com
1304,"InScope Communications, LLC",sales@inscopecom.com
1305,U-verse - AT&T - Authorized Retailer,contactibexdigital@ibex.co
1307,Madison County Cable,email@domain.com
1309,Spectrum Authorized Reseller - DGS,comments@conwaycorp.net
1313,Spectrum Authorized Reseller - DGS,email@domain.com
1319,Spectrum Authorized Reseller - DGS,contactibexdigital@ibex.co
1326,Riverside taxi,email@domain.com
1331,Advance Taxi,email@domain.com
1333,Lybrand's Bakery & Deli,contactibexdigital@ibex.co
1334,Morrilton Drive-Inn Restaurant,chamber@morrilton.com
1338,Moni's Grill,email@domain.com
1344,Top Rock Drive In,email@domain.com
1346,Shari's Berries,chamber@morrilton.com
1351,SugarDumplin's Cupcakes,email@domain.com
1357,Shari's Berries,contactibexdigital@ibex.co
1361,Ivy Chapel Christian Church,news@disciples.org
1363,Ivy Chapel Christian Church,email@domain.com
1365,Calvary Chapel,email@domain.com
1371,Calvary Chapel In The Ozarks,email@domain.com
1373,Kurt's Camera Repair Mail In Service,kurtscamerarepair@sbcglobal.net
1374,Bedford Camera & Video,contact@bedfords.com
1376,Kurt's Camera Repair Mail In Service,email@domain.com
1387,Camera For Sale,contact@bedfords.com
1412,The Yankee Candle Company,info@yankeecandle.com
1413,Bath & Body Works,name@domain.com
1415,The Yankee Candle Company,email@domain.com
1419,Celebrating Home with Melissa Austin,email@domain.com
1426,Lids,name@domain.com
1427,J.J. Hat Center,info@jjhatcenter.com
1429,Lids,email@domain.com
1431,Elite Graphics,email@domain.com
1433,HatWorld,email@domain.com
1435,HatWorld,name@domain.com
1440,Safelite AutoGlass,info@jjhatcenter.com
1451,AAMCO Transmissions & Total Car Care,info@jjhatcenter.com
1453,Bumper To Bumper,info@alliance1.com
1457,Meineke Car Care Centers,charleycockrum@gmail.com
1458,Rocky Mountain Sheepskin Co.,rmsheepskin@gmail.com
1460,Goodsell Truck Accessories,sales@goodselltruck.com
1462,AR Fleet Care Solution,email@domain.com
1464,Meineke Car Care Centers,email@domain.com
1468,Meineke Car Care Centers,info@alliance1.com
1486,Cash For Cars,sales@goodselltruck.com
1487,Smart Cadillac,user@mydomain.com
1491,Enterprise Rent-A-Car,info@trinitydevelopmentinc.com
1493,Enterprise Rent-A-Car,email@domain.com
1495,U-Save Car and Truck Rental,email@domain.com
1497,Avis Rent A Car,email@domain.com
1499,Hertz,email@domain.com
1501,Safelite AutoGlass,info@trinitydevelopmentinc.com
1511,AAMCO Transmissions & Total Car Care,user@mydomain.com
1515,American Freight Inc. Trucking & Freight Broker,melissafastdriving@yahoo.com
1516,Orzel Black,director@orzelblack.com
1517,Millennium Transport Corp,shipping@millenniumtransports.com
1518,Aztec Container,info@azteccontainer.com
1519,Tutle & Tutle Trucking,info@tutleandtutle.com
1520,Smith Wayne Trucking,info@wstrucking.com
1522,Quality Drivers Logisitics Inc.,email@domain.com
1524,American Freight Inc. Trucking & Freight Broker,email@domain.com
1528,Lee Truck Broker Inc,info@ltblogistics.com
1529,Hln Services LTD,henryn@hlnservices.com
1530,Bekins Van Lines,bekinscustomercare@wvlcorp.com
1534,FedEx Freight,email@domain.com
1537,"TEAM BRINKLEY, Keller Williams Realty",goteambrinkley@gmail.com
1538,Pinwheel Real Estate Group,sralls@pinwheelrealestate.com
1539,Morrilton Abstract Co,jyates@morriltonabstract.com
1540,American Realty Inc,americanrealty@suddenlinkemail.com
1543,Sell my House Fast for Cash - LifeTree,email@domain.com
1545,Aztec Container,email@domain.com
1549,Aztec Container,director@orzelblack.com
1550,Owen Holdings,owenholdings@classicnet.net
1551,Jacobs Insurance-Real Estate,david@jacobsire.com
1557,C & F Flooring & Rug Gallery,email@domain.com
1559,Baldwin & Shell Construction,email@domain.com
1563,Rowe Woodworking,email@domain.com
1565,EliteServices,info@air7seas.us
1566,Great House Vacuums,conwayflooringanddesign@conwaycorp.net
1570,Holloway Carpet Care,email@domain.com
1572,Carpet Barn The,email@domain.com
1574,Carpet Barn The,customerservice@moveablecontainer.com
1575,Classic Carpet Cleaning,info@classiccleaners.net
1579,EliteServices,conwayflooringanddesign@conwaycorp.net
1581,Kiwi Services,email@domain.com
1585,Classic Carpet Cleaning,email@domain.com
1589,Carpet Factory,email@domain.com
1591,Ken Rash's Casual Furniture Inc,info@kenrashsoutdoorfurniture.com
1592,Daylight Donuts,info@daylightdonuts.com
1594,Trio's,email@domain.com
1596,Dining Train,email@domain.com
1599,Almyra Co-Operative,info@classiccleaners.net
1601,Dobyn's Dining,email@domain.com
1603,Oyster Bar,info@daylightdonuts.com
1605,Conway Courier Service Inc,info@ccstrans.com
1607,Next Level Events,email@domain.com
1609,Little Caesars Pizza,email@domain.com
1611,Cater Rita's,email@domain.com
1613,Cater Rita's,ncase@derdeninc.com
1615,Jamie's Creative Catering,email@domain.com
1617,Sacred Heart Church,info@ccstrans.com
1618,Church Of The Assumption,parishoffice@assumption.org
1620,St Bartholomew Church,email@domain.com
1622,Blessed Sacrament Catholic Church,email@domain.com
1624,Holy Rosary Catholic School,email@domain.com
1626,Holy Rosary Catholic School,ncase@derdeninc.com
1628,Mary Mother of God Catholic Church,email@domain.com
1630,Speedy Metals,parishoffice@assumption.org
1631,Peterson Concrete Tank Co.,mpconcrete@sbcglobal.net
1633,E. T.  Moore Manufacturing Inc.,orders@etmoore.com
1636,Fastenal Company,email@domain.com
1642,Speedy Metals,ncase@derdeninc.com
1644,Lumber One Home Center,lumberonestuttgart@yahoo.com
1650,Alexander City Office,email@domain.com
1652,Alicia City Of,email@domain.com
1654,National Registry of Certified Medical Examiners for DOT Physical Exams,email@domain.com
1656,National Registry of Certified Medical Examiners for DOT Physical Exams,fmctechsup@dot.gov
1657,Dewitt School District,getscraped99@gmail.com
1659,City of Alpena,email@domain.com
1661,Speedy Metals,info@thermalproductsco.com
1663,Morrilton Intermediate School,mjhscal@sccsd.k12
1665,Ron Pack Carpet Center Inc,email@domain.com
1669,Lumber One Home Center,email@domain.com
1672,ACI Supply Company,contact@aluminumfencesdirect.net
1673,Built-Rite Fence Co,scpainting@aol.com
1677,McKee Sewing Center,email@domain.com
1679,Ethan Allen,customerservice@ethanallen.com
1681,Ethan Allen,email@domain.com
1683,Five Below,email@domain.com
1687,Ethan Allen,sales@mccoymillwork.com
1688,Five Below,customerservice@ethanallen.com
1690,Brookstone,email@domain.com
1692,"Ferguson Bath, Kitchen & Lighting Gallery",email@domain.com
1699,All American Lighting Solutions,sales@allamericanlightingsolutions.com
1700,The Light House,sales@the-light-house.com
1705,Sloan Law Firm,email@domain.com
1707,"Ramsay, Bridgforth, Robinson and Raley LLP",email@domain.com
1709,Bueker Law Firm,jeremy@buekerlawfirm.com
1713,Bus Charter Express - Charter Bus Rentals,customerservice@ethanallen.com
1714,Society Transpotation,societytransportation@gmail.com
1715,Hardwood Ott & Fisher CPA,harwoodottfisher@yahoo.com
1716,Johnson & Ruff CPAs PA,webmaster@johnsonandruffcpas.com
1717,StephensLisa Certified Public Accountant PLC,lisa@lisastephenscpa.com
1718,"Phillips, Michelle M. CPA, PA",michelle_p@conwaycorp.net
1719,Charters of America,info@chartersofamerica.com
1721,Robertson CPA Firm,email@domain.com
1723,Bus Charter Express - Charter Bus Rentals,email@domain.com
1727,Bus Charter Express - Charter Bus Rentals,jeremy@buekerlawfirm.com
1728,Diamond Lakes CPA Services,societytransportation@gmail.com
1739,Bus Charter Express - Charter Bus Rentals,info@chartersofamerica.com
1741,Little Rock Tours & Travel,tickets@littlerocktours.com
1745,Livelinks,info@chartersofamerica.com
1747,Livelinks,email@domain.com
1753,Livelinks,tickets@littlerocktours.com
1757,Sonic Drive-In,info@chartersofamerica.com
1759,Krispy Krunchy Chicken,email@domain.com
1761,Kfc,email@domain.com
1763,Sonic Drive-In,email@domain.com
1765,Dodges Chicken Store,tickets@littlerocktours.com
1769,J.Crew Factory,email@domain.com
1772,"Bendi Baby, Inc",email@domain.com
1774,"Bendi Baby, Inc",brooke@bendibaby.com
1775,Belk,email_user@email.com
1779,Arkansas Children's Hospital,info@chartersofamerica.com
1781,Arkansas Children's Hospital,email@domain.com
1783,Le Bonheur Children's Hospital,email@domain.com
1787,Arkansas Children's Hospital,email_user@email.com
1789,Arkansas Children's Northwest Hospital,email@domain.com
1791,A-1 Chimney Pro,info@chartersofamerica.com
1792,Ye Olde Chimney Sweepe,chimneysweep@conwaycorp.net
1793,Paladino Chimney Sweep,info@paladinosweeps.com
1795,Mary Poppins Chimney Sweep,email@domain.com
1797,Aire Serv of Jonesboro,email@domain.com
1799,Benning Heating & Air Inc,email@domain.com
1801,Benning Heating & Air Inc,email_user@email.com
1802,Royal Overhead Door,info@benningsheatingandair.com
1803,Custom Stone LLC,justin@customstoneofarkansas.com
1804,Banks Chimney Service,trey@bankschimney.com
1806,Professional Chimney Services,email@domain.com
1808,Southern Good Faith Fund,email@domain.com
1810,Shari's Berries,customercare@murphyusa.com
1818,Shari's Berries,info@citgo.com
1829,Community Park Church,email@domain.com
1831,Central Community Church,email@domain.com
1835,Almyra First Baptist Church,info@citgo.com
1836,First Baptist Church,info@fbcstuttgart.com
1837,Park Ave Missionary Baptist Church,parkavenuebaptistchurch@gmail.com
1838,First United Methodist Church,fumcdewitt@centurytel.net
1839,Unity Baptist Church,dennis@unitymbc.com
1843,Picwood 11 Cinema,templembc2725@gmail.com
1845,UA Breckenridge Stadium 12,email@domain.com
1847,Malco Hollywood 12 Cinema,email@domain.com
1849,Stuttgart Twin Cinema,email@domain.com
1851,Stuttgart Twin Cinema,gardnerealty@yahoo.com
1853,Stone Drive-In,email@domain.com
1855,Little Rock City Clerk,templembc2725@gmail.com
1856,Clinton City Clerk,clintonwater2@gmail.com
1857,Malvern City Clerk,mayor@malvernar.gov
1858,Morrilton Street Department,cityofmorrilton@suddenlink.net
1860,Little Rock City Clerk,email@domain.com
1862,Cave City City Clerk,email@domain.com
1864,Jacksonville City Clerk,email@domain.com
1866,Forrest City Muni Court Clerk,gardnerealty@yahoo.com
1867,Tunica Town Clerk Office,info@townoftunica.com
1868,De Witt Police Department,dewittmayor@centurytel.net
1870,Bethel Heights City Clerk,email@domain.com
1872,Perry City Hall,cityofmorrilton@suddenlink.net
1873,Pottsville City Hall,pottsvillerx@suddenlinkmail.com
1874,Pottsville City and Rural Fire Department,info@cityofpottsville.com
1875,Ola City Office,arkwestinfo@arkwest.com
1877,Government Offices City,email@domain.com
1883,Human Services Department,dewittmayor@centurytel.net
1884,Monroe County Jail,info@monroecountysheriffar.com
1888,Civil Air Patrol,info@gocivilairpatrol.com
1890,Civil Axe Throwing Little Rock,email@domain.com
1892,Civil Axe Throwing - Jonesboro,email@domain.com
1894,Civil Air Patrol,email@domain.com
1896,Joe Pullman Roofing Inc,info@monroecountysheriffar.com
1897,M-C Electric Co Inc,info@canelaw.com
1898,Bone Septic Service,info@boneseptic.com
1900,HDR,email@domain.com
1902,Ferguson,info@gocivilairpatrol.com
1904,Springboard Manufacturing,info@springboardmfg.com
1906,Ferguson,email@domain.com
1912,Ferguson,info@boneseptic.com
1914,Air-Clean,email@domain.com
1916,Morrilton Medical Clinic PA,info@springboardmfg.com
1917,Aquilar Foot Care Clinic,aquilarfoot@ymail.com
1918,TLC Pediatrics PLLC,info@tlcpedsconway.com
1920,Aspen Dental - Saline County,email@domain.com
1922,Gastro One,email@domain.com
1924,Walmart - Pharmacy,email@domain.com
1926,Walmart - Pharmacy,info@boneseptic.com
1927,Arkansas Cancer Institute,info@arkansascancerinstitute.com
1928,White Hall Family Medicine Associates,whfmclinic@whitehallfamilymedicine.com
1930,The Leslie Clinic PA,email@domain.com
1932,Danwerke Jewelers & Clockworks,info@tlcpedsconway.com
1933,Cripple Creek Flea Market,rwt.jr@
1935,Danwerke Jewelers & Clockworks,email@domain.com
1937,Cypress Clocks & Things,email@domain.com
1943,Eureka Clock Company,email@domain.com
1945,Ligohi Software LLC,rwt.jr@
1946,Euronet Software Solutions,questions@euronetworldwide.com
1947,Advanced Solutions Inc,info@asitechnology.com
1948,IMC Technology,jmontgom@imctechnology.net
1949,Fixed By Fletcher,brian@fixedbyfletcher.com
1950,Arkansas Data Services,sales@ark-data-services.com
1951,Presto Printing Inc,comments@conwaycorp.net
1953,Euronet Software Solutions,email@domain.com
1955,Wood Software Inc,email@domain.com
1957,Software Solutions,email@domain.com
1961,M3 Cloud Technology,email@domain.com
1963,General Federation-Women's Club,comments@conwaycorp.net
1965,Benton Gun Club Inc,email@domain.com
1967,Memphis Redbirds,email@domain.com
1969,Stuttgart Country Club,email@domain.com
1971,Stuttgart Country Club,info@techsinasec.com
1973,Harrison Country Club,email@domain.com
1975,National Site Materials,dcarson@trigonengineering.com
1977,Martin Marietta Aggregates,email@domain.com
1981,National Site Materials,email@domain.com
1983,National Site Materials,frank@fewsco.com
1990,Lewis and Company Construction,email@domain.com
1997,"Kitchens Truck Sales,LLC",allen@kitchenstrucksales.com
2002,Spectrum,becki@kitchenessentials.net
2003,Russell Cellular INC,info@russellcellular.com
2005,A Personal Answering Service,hello@thanksforcalling.com
2006,Get AT&T Online,contactibexdigital@ibex.co
2007,C Systems Tech,c.sys
2009,Spectrum,email@domain.com
2015,Spectrum,name@email.com
2019,Douthit's Radio Service Inc,sales@douthitsradio.com
2029,Techs In A Sec,email@domain.com
2035,Techs In A Sec,sales@douthitsradio.com
2062,Computer Repair Arkansas,email@domain.com
2064,"InScope Communications, LLC",email@domain.com
2073,Staybridge Suites Hot Springs,c.sys
2074,Holiday Inn Express & Suites Malvern,hiemalvern@hotmail.com
2076,Staybridge Suites Hot Springs,email@domain.com
2078,Holiday Inn Express & Suites Batesville,email@domain.com
2080,Jacksonville Recreation & Parks Dept,email@domain.com
2082,Staybridge Suites Hot Springs,sales@inscopecom.com
2084,Best Western Inn Of The Ozarks,email@domain.com
2086,Hostetler Roofing,hiemalvern@hotmail.com
2100,Hostetler Roofing,sales@inscopecom.com
2107,Keller Johnson Builders Inc.,kellerjohnson@conwaycorp.net
2114,Kordsmeier Remodeling Services Inc,sales@kordsmeierremodeling.com
2115,Ketcher & Company Inc,hankketcher@ketcherandco.com
2117,Alrite Septic Tank Service,email@domain.com
2123,Hostetler Roofing,calebburnett@att.net
2129,Benning Heating & Air Inc,info@benningsheatingandair.com
2136,Refresh Reports,refreshcreditreports@gmail.com
2137,"Impact Environmental, Inc.",mail@impactenvironmental.net
2139,Meinco Septic Systems,email@domain.com
2141,ACM Engineering & Environmental,email@domain.com
2143,Koshi,email@domain.com
2145,ACM Engineering & Environmental,hankketcher@ketcherandco.com
2151,Park Todd Eye Clinic,mail@impactenvironmental.net
2153,Bryant Eyecare Clinic,email@domain.com
2155,Ross Eye Care Center,email@domain.com
2159,Kilgore Vision Center,email@domain.com
2161,Writing Assistance Inc.,sales@writingassist.com
2162,Resume Writer USA,linda@resumewriterusa.com
2170,Writing Assistance Inc.,refreshcreditreports@gmail.com
2175,Hostetler Roofing,linda@resumewriterusa.com
2197,Brewer Hegeman Conference Center,teddrickj@gmail.com
2199,Ozark Conference Center,info@solgohachia.org
2200,Comfort Inn & Suites,gm.ar2
2206,Statehouse Convention Center,email@domain.com
2208,Candlewood Suites,email@domain.com
2210,Pine Bluff Convention Center,email@domain.com
2212,Candlewood Suites,sales@foamforyou.com
2213,Plaza Hotel & Suites,accessibility@wyndham.com
2214,Holiday Inn Express & Suites Conway,angelica@makanhospitalitymgt.com
2215,Candlewood Suites Hot Springs,gm@candlewoodconway.com
2216,Super 8 - Pine Bluff,accessibility@wyn.com
2217,Quality Inn & Suites Pine Bluff,info@iatan.org
2218,Days Inn & Suites,accessibility@wyn.com
2219,Econo Lodge & Suites,gm.ar1
2221,Chateau on the Lake Resort Spa & Convention Center,email@domain.com
2223,UA PTC Culinary Arts & Hospitality Management Institute,hiexpresslittlerockwest@gmail.com
2225,UA PTC Culinary Arts & Hospitality Management Institute,email@domain.com
2227,Poplar Bluff Technical Career Center,email@domain.com
2231,Cuisine Karen Cooking School & Travel,email@domain.com
2233,"Cook, Matthew",hiexpresslittlerockwest@gmail.com
2234,Cook Gary Photography,garycook@gary-cook.com
2235,Cook Law Firm,acss@bellsouth.net
2239,Darrel Cook Real Estate Service,email@domain.com
2241,Cooks TV,email@domain.com
2243,Southern Cook Hibachi Buffet,gm.ar1
2244,Cook Screen Printing,hiexpresslittlerockwest@gmail.com
2245,Attorney Larry Cook,lkc@larrycookpa.com
2246,"Cook, Richard, CPA",contact@hncpas.com
2247,"Cook, Don L",carolyn@gill-law.com
2249,Ermilio's Italian Home Cooking,email@domain.com
2251,D & M Upholstery & Headliner Shop,sunsetawning@centurylink.net
2254,Renegade Customs & Covers Inc.,email@domain.com
2256,Rocky Mountain Sheepskin Co.,email@domain.com
2261,Tangles Salon,info@ckarch.com
2262,Edith & Co,info@edithwharton.org
2264,Rags To Riches,email@domain.com
2272,HomeGoods,email@domain.com
2279,Dirt Road Designs,email@domain.com
2284,A & A Catering-Concessions & Shaved Ice,email@domain.com
2286,Skinny J's Paragould,email@domain.com
2294,America's Florist,service@americasflorist.com
2295,Crystal Springs Mining Co & Gallery,info@crystalspringsmining.com
2296,Conway's Classic Touch Flowers & Gifts,conwayclassic@conwaycorp.net
2297,Ye Olde Daisy Shoppe Inc,ahahn@yeoldedaisy.com
2298,Blue Diamond Almonds Nut & Gift Shop,orders@bdgrowers.com
2299,Real Earth Creations,jerryandlisa@realearthcreations.com
2300,Angelone's Florist,angelonesflowers@yahoo.com
2301,Searcy Florist & Gift,searcyflorist@sbcglobal.net
2303,"Shadowbox Video Productions, Inc",email@domain.com
2305,America's Florist,email@domain.com
2310,Small Florist & Gifts,smallflorist@sbcglobal.net
2311,Arkansas Printing Co,sales@arprint.com
2312,Blue Diamond Almonds Nut & Gift Shop,mrush341636@asicentral.com
2320,Arkansas Vein Center,searcyflorist@sbcglobal.net
2322,Arkansas Vein Center,email@domain.com
2324,Majewski Plastic Surgery & Spa,email@domain.com
2330,Hardin Philip R Dr,email@domain.com
2332,FedEx Ship Center,searcyflorist@sbcglobal.net
2333,Bushman Court Reporting,generalmanager@bushmanreporting.com
2335,DanMar Transport and Courier Service,sales@danmarproducts.com
2337,Bushman Court Reporting,email@domain.com
2343,Bushman Court Reporting,searcyflorist@sbcglobal.net
2347,Conway County District Court,sales@danmarproducts.com
2349,Bryant Municipal Court,email@domain.com
2351,Judiciary Courts-The State-AR,email@domain.com
2353,Stuttgart Municipal Court,email@domain.com
2355,Stuttgart Municipal Court,searcyflorist@sbcglobal.net
2357,Casa Of The 14th Judical District,email@domain.com
2359,Shari's Berries,sales@awisupply.com
2360,Kris and Sam's Box Lunch and Cookie Store,v_adams1@sbcglobal.net
2361,Whimsy Cookie,orders@whimsycookieco.com
2369,Shari's Berries,searcyflorist@sbcglobal.net
2370,Whimsy Cookie,v_adams1@sbcglobal.net
2374,Holmes Erection & Crane Service Inc,orders@whimsycookieco.com
2375,Nabholz Industrial Services,info@nabholz.com
2377,Holmes Erection & Crane Service Inc,email@domain.com
2383,Holmes Erection & Crane Service Inc,v_adams1@sbcglobal.net
2386,Gregory Construction Inc,email@domain.com
2388,Nationwide Monument,sales@nationwidemonument.com
2389,Rosewood Cremation,info@rosewoodcremation.com
2390,McGee Monument Company Inc,mcgee1901@yahoo.com
2391,Rosewood Cremation and Funerals,info@rosewoodcremation.com
2392,Allen Granite Industries Inc,allengranite@aol.com
2393,Vilonia Funeral Home & Cremation,mike@viloniafuneralhome.com
2394,Pet Cremation Services,sorina@petcremationsar.com
2395,Cremation Services Of Arkansas,cremationservicesofarkansas@gmail.com
2396,Smith - Benton Funeral Home,benton@smithfamilycares.com
2397,Smith - North Little Rock Funeral Home,jeff@smithfamilycares.com
2399,Nationwide Monument,email@domain.com
2405,Moon Monument Co Inc,info@nabholz.com
2410,Cremations of the Ozarks,email@domain.com
2412,Dignity Memorial,jeff@smithfamilycares.com
2413,West Memorials,info@westmemorials.com
2414,America's Florist Sympathy Designs,service@americasflorist.com
2417,Lemley Funeral Service,lemleyfuneral@gmail.com
2419,Wilson-Jarrett Funeral Home,wilson.jar
2424,Forest Hills Cemetery,email@domain.com
2426,Dignity Memorial,email@domain.com
2430,Dignity Memorial,cremationservicesofarkansas@gmail.com
2432,Stuttgart Flowers & Gift Shop,stuttgartflowers@centurytel.net
2433,Integrity Funeral Home,philomenaallen7@gmail.com
2434,Boyd Funeral Home Inc,boydfuneralhome@sbcglobal.net
2435,Fuller Hale-South Funeral Services,chuck@robinsonfuller.com
2436,Robinson Funeral Directors,rrsoffice@robinsonfuller.com
2437,Lockwood & Boyd Funeral Home,lockwoodandboydfuneralhome58@yahoo.com
2438,Brown Funeral Home,brownfuneralhome2@att.net
2439,Boyd Monument Service,boydfuneralhome@sbcglobal.net
2440,Serenity Gardens Funeral Services,shantel@serenitygardensfs.com
2444,Budget Blinds,angelonesflowers@yahoo.com
2447,Budget Blinds,email@domain.com
2453,Budget Blinds,shantel@serenitygardensfs.com
2460,Ken Rash's Casual Furniture Inc,email@domain.com
2462,"Foam N More & Upholstery, Inc",email@domain.com
2472,The Mountain's Edge,info@themountainsedge.com
2477,Douglas Quikut,email@domain.com
2481,Kitchens of Branson Inc,email@domain.com
2483,Professional Consulting Services Inc,info@riccar.com
2484,Jek Services Inc,jekservicesinc@hotmail.com
2485,Valley Medical Billing Services,heidi@valleymbs.com
2486,"John W. Stottman Jr. CPA, PA.",john@stottman.com
2487,Teaff & Draughon CPA's,info@rivervalleycpa.com
2488,"The Buffington Effect, LLC",info@buffingtoneffect.com
2489,"Liberty Opportunities, Inc.",info@libertyopportunities.com
2490,Conway Downtown Partnership,cvb@conwayarkansas.org
2491,Compass Counseling,contact@compasscounselingar.com
2493,Foxcroft Psychological Services,email@domain.com
2495,Schwan's Shared Services,email@domain.com
2497,Protax & Account Services,email@domain.com
2499,Area Clear Water Services,c21eldorentals@gmail.com
2502,C & B Drilling & Machine Co Inc,haint@cebridge.net
2503,3 Rivers Logistics Inc,info@3riverslogistics.com
2504,Elder Drilling and Supply,vicki@elderdrilling.com
2508,Dance With Joy Studio Of Entertainment Arts,customer.ser
2509,Stage Door Dance Arts,michelle@stagedoordancearts.com
2511,Bryant All-Star Cheerleading,email@domain.com
2513,Christie McNeil Studio of Dance,email@domain.com
2515,Centerstage Dance,email@domain.com
2517,Centerstage Dance,centerstagedance22@gmail.com
2519,Kaleidoscope Dance Academy,email@domain.com
2521,Sears Appliance Repair - Refrigerators & Freezers - Repair & Service,michelle@stagedoordancearts.com
2523,Sears Appliance Repair - Refrigerators & Freezers - Repair & Service,email@domain.com
2529,Sears Appliance Repair - Refrigerators & Freezers - Repair & Service,centerstagedance22@gmail.com
2533,H3 Home + Decor,contactus@h3homedecor.com
2538,Moments In Life Decor,email@domain.com
2540,Classic Decor,email@domain.com
2542,Patty's Wreaths and Decor LLC,email@domain.com
2544,Pope John Furniture Inc,centerstagedance22@gmail.com
2549,Always Present Gifts and Home Decor,email@domain.com
2562,Pope John Furniture Inc,sales@foamforyou.com
2569,Chair Care Patio,info@chaircarepatio.com
2574,Acme Plastics,customerservice@acmeplastics.com
2578,Hobby Lobby,email@domain.com
2580,Acme Plastics,email@domain.com
2584,Acme Plastics,info@chaircarepatio.com
2585,Sherwin-Williams Paint Store - Stuttgart,yourname@address.com
2593,American InterContinental Univ,info@thermalproductsco.com
2597,American InterContinental Univ,email@domain.com
2605,Grand Prairie Center,rrobison@pccua.edu
2609,Aspen Dental,adm@uaccm.edu
2610,Central Dental Conway,littlerock@centraldental.com
2612,Aspen Dental,email@domain.com
2618,Aspen Dental,rrobison@pccua.edu
2619,Suri Orthodontics,suriortho@comcast.net
2620,"Michael D Clark, DDS",michaelclarkdds@gmail.com
2624,Wiliams & Dean Architecture / Interior Design,littlerock@centraldental.com
2632,Bradleyandrewa Marketing Solutions,dlfdigitalservices@gmail.com
2634,"Digital Image Communications, Inc.",wayne@dici.net
2638,Chair Care Patio,email@domain.com
2642,Wiliams & Dean Architecture / Interior Design,michaelclarkdds@gmail.com
2643,Lamb & Co Hairstyles,info@chaircarepatio.com
2652,Associated Investigation LTD,gilwhitlock@associated-research.com
2653,AAA Credit Bureau - Background Check - Tenant Screening - Credit Check Service,customerservice@aaacreditbureau.com
2654,Arkansas Investigative Services,support@arkansas-investigations.com
2657,John Chism Bail Bonds Inc.,pchism@johnchismbailbonds.com
2659,Associated Investigation LTD,email@domain.com
2669,John Chism Bail Bonds Inc,pchism@johnchismbailbonds.com
2673,Jones Family Restaurant,pchism@johnchismbailbonds.com
2675,Taco Bell,you@domain.com
2679,Pizza Hut,email@domain.com
2681,Subway,email@domain.com
2683,Almyra Co-Operative,pchism@johnchismbailbonds.com
2688,DNA Diagnostic Centers,you@domain.com
2690,Arkansas Diagnostic Center,email@domain.com
2692,DNA Diagnostic Centers,email@domain.com
2696,DNA Diagnostic Centers,info@daylightdonuts.com
2698,Quest Diagnostics,email@domain.com
2700,Conoco,you@domain.com
2705,E-Z Mart,email@domain.com
2709,Papa Joe's,email@domain.com
2711,Cenex,info@daylightdonuts.com
2717,Diet Doc Weight Loss,info@usafleetsolutions.com
2718,Ideal For You,kpruitt@idealforyou.net
2744,Prosmart Printing,info@prosmartprint.com
2745,Arkansas Blueprint Co.,arkblue@aol.com
2746,Ad Craft Of Arkansas Inc,adcraft@sbcglobal.net
2748,Liquid Concepts,email@domain.com
2750,Cupples Sign Co,email@domain.com
2752,Daniel Label Printing,email@domain.com
2754,Super Fast Copying & Binding Systems,kurtscamerarepair@sbcglobal.net
2756,Gecko Grafix Et Cetera,email@domain.com
2758,Pioneer Scale Co Inc,adcraft@sbcglobal.net
2759,Arkansas Cash Register Systems Inc,sales@arkansascashregister.com
2760,Fairbanks Scales,info@fairbanks.com
2761,System Scale Corporation,info@system-scale.com
2763,GT Michelli,email@domain.com
2765,Memphis Scale Works Inc,email@domain.com
2769,Memphis Scale Works Inc,kurtscamerarepair@sbcglobal.net
2770,SSC Lab Division,info@system-scale.com
2773,GT Michelli,info@michelli.com
2776,Weigh Systetms Inc,email@domain.com
2792,Freemyer's Best Brands Plus,freemyer@ipa.net
2799,Sofa Mart,info@chaircarepatio.com
2802,Rustic Timbers Furniture Company,email@domain.com
2804,T.G.I. Friday's,info@system-scale.com
2807,Chop Stop,info@chopstop.com
2811,Hong Kong Chinese Restaurant,email@domain.com
2813,Sportsman's Drive Inn,email@domain.com
2815,Almyra Co-Operative,sales@arkansascashregister.com
2817,The Diner,email@domain.com
2819,Alpha One DJ Services,info@chaircarepatio.com
2820,Manning's Music-N-Motion,conwaydj@yahoo.com
2822,"Guess Who, LLC",email@domain.com
2824,Kick-N-KP Entertainments,email@domain.com
2826,Timbo Promotions Mobile Dj,email@domain.com
2829,DJ Dew-O,email@domain.com
2831,Sears Appliance Repair - Dishwasher Repair & Service,conwaydj@yahoo.com
2834,Sears Appliance Repair - Dishwasher Repair & Service,email@domain.com
2840,Sears Appliance Repair - Dishwasher Repair & Service,mike@arfrn.com
2844,Adams Refrigeration,support@adamsrefrig.com
2845,Dumas Electric Co,dumaselectric@yahoo.com
2849,Lasik Vision Institute,cs@fergusonshowrooms.com
2850,Conway Family Medical Care,info@conwayregional.org
2851,Counseling Associates Inc,info@caiinc.com
2852,Melissa Seme MD,info@practice-plus.com
2854,Lasik Vision Institute,email@domain.com
2860,Ronald Schlabach MD,adcraft@sbcglobal.net
2861,Methodist Family Health,info@methodistfamily.org
2863,Lasik Vision Institute,dumaselectric@yahoo.com
2867,Pro-Train-Service Dog Training ONLY,info@protrain.com
2868,K-9 Corps of Conway,2016phenom@gmail.com
2869,Canine Country Club Of Arkansas,info@cccofar.com
2870,Oh Behave Dog School,candeehope@hotmail.com
2871,Le Traiteur Chien Pet Care&Catering,pinnaclepetlodge@gmail.com
2873,Pro-Train-Service Dog Training ONLY,email@domain.com
2880,Come Play and Stay K9 Ranch,ark9ranch@gmail.com
2884,Champion Windows & Home Exteriors,pinnaclepetlodge@gmail.com
2885,USI,info@usiinc.com
2886,Premier Windows,gerald@double11web.com
2887,Hendricks Construction,zac@hendricksremodel.com
2888,Heritage Window & Door,daleedwardburris@hotmail.com
2889,Conway Glass,clint@conwayglass.net
2890,Brian Stone Construction,brian@brianstoneconstruction.com
2893,Automatic Door Sales & Service Inc,email@domain.com
2895,Barton's Lumber,email@domain.com
2897,Champion Windows & Home Exteriors,email@domain.com
2899,Champion Windows & Home Exteriors,ark9ranch@gmail.com
2902,LeafGuard Of Arkansas,info@leafguardandmore.com
2907,Movie Tavern Little Rock,email@domain.com
2913,Stuttgart Twin Cinema,info@leafguardandmore.com
2917,Speedy Metals,contact@affordableglassmirror.com
2928,Speedy Metals,info@leafguardandmore.com
2935,Area Clear Water Services,sales@mccoymillwork.com
2938,Area Clear Water Services,email@domain.com
2940,Cart Well Co Inc,email@domain.com
2944,Area Clear Water Services,lumberonestuttgart@yahoo.com
2950,American Home Shield,aecigeo@comcast.net
2955,Rush-Hal Properties,rush_halproperties@conwaycorp.net
2956,Salter Properties,info@engagemanagement.com
2957,Sandstone Real Estate Group,sandstonerealesategroup@gmail.com
2961,Black & Fowler Agency,email@domain.com
2963,Colliers International,email@domain.com
2965,Colliers International,aecigeo@comcast.net
2968,REMAX Solutions Real Estate,lyndajaggers@remax.net
2969,Wilson Rodgers & Associates Inc,c21eldorentals@gmail.com
2971,Norris Stanley and Diane,email@domain.com
2975,Vacuum Cleaner Store & More,info@riccar.com
2977,Imperial Ice,email@domain.com
2979,Watson Ice,email@domain.com
2981,Celebrate Party Rentals,email@domain.com
2984,Home Ice Co,email@domain.com
2986,Redbox,contact@compasscounselingar.com
2988,Redbox,email@domain.com
2994,Redbox,vicki@elderdrilling.com
2998,CHI St. Vincent Morrilton,adm@uaccm.edu
3000,Baptist Health,email@domain.com
3002,White River Health System,email@domain.com
3004,Stuttgart Regional Medical Center,email@domain.com
3006,Elite Home Health,rrobison@pccua.edu
3008,North Arkansas Regional Medical Center,email@domain.com
3010,Holy Trinity Orthodox Church,contact@compasscounselingar.com
3011,Annunciation Greek Orthodox Church,churchadmin@orthodoxchurch.com
3013,Annunciation Greek Orthodox Church,email@domain.com
3017,Holy Trinity Orthodox Church,email@domain.com
3019,Holy Trinity Orthodox Church,vicki@elderdrilling.com
3021,Cross Church Springdale,email@domain.com
3023,San Joaquin Valley College,mjhscal@sccsd.k12
3024,American InterContinental University - Online,privacymatters@careered.com
3025,Perryville Schools,support@gabbart.com
3026,UACCM-Ldi,adm@uaccm.edu
3027,Center For Exceptional Children,lorrie@centerforexceptionalchildren.org
3028,Reynold's Elementary School,mjhscal@sccsd.k12
3037,San Joaquin Valley College,rrobison@pccua.edu
3044,Sylvan Learning Center,adm@uaccm.edu
3045,Arch Ford Educational Service,lori.win
3048,Quality Drivers Logistics Inc,email@domain.com
3050,Sylvan Learning Center,email@domain.com
3052,Arkansas Education Association,email@domain.com
3056,Susan's Bookkeeping,email@domain.com
3058,Conway County Literacy Council,info@alertpatrol.com
3061,Lawrence County Cooperative School For Exceptional Children,email@domain.com
3064,Clarendon Special Education,info@alertpatrol.com
3066,Kornerstone Adult Education,email@domain.com
3068,San Joaquin Valley College,info@alertpatrol.com
3070,Uaccm-Adult Education,adm@uaccm.edu
3074,South Conway County School District,mjhscal@sccsd.k12
3076,Training Education for Athletic Maintenance,email@domain.com
3088,American InterContinental Univ,churchadmin@orthodoxchurch.com
3092,North Side Elementary School,mjhscal@sccsd.k12
3094,Springhill Elementary School,email@domain.com
3100,American InterContinental Univ,vicki@elderdrilling.com
3104,Alpena High School,email@domain.com
3106,Easter Egg Hunts and Events. org,mjhscal@sccsd.k12
3108,Cal-Maine Foods,email@domain.com
3114,Easter Egg Hunts and Events. org,getscraped99@gmail.com
3118,Reed Electric Inc,filler@godaddy.com
3119,Powermax Electric,jason@powermaxelectric.com
3120,K & M Handy Man Services LLC,kevinmaccree@sbcglobal.net
3121,International Brotherhood Of Electrical Workers Local Union 295,webmaster@ibew.org
3122,Nance Electric,jarednance@yahoo.com
3123,Reed Electric,filler@godaddy.com
3125,Mister Sparky,email@domain.com
3127,AAA Electric,email@domain.com
3129,Powermax Electric,email@domain.com
3136,Carrington Electric Co Inc,ed202@earthlink.net
3137,"Derden, Inc",ncase@derdeninc.com
3141,Choice Automotive Service,filler@godaddy.com
3143,Electric Charging Station,email@domain.com
3145,Meineke Car Care Center,email@domain.com
3149,Petrus Pontiac Buick GMC,ncase@derdeninc.com
3154,Leonards Hardware Inc,cporteraceboaz@gmail.com
3156,Franklin Electric Co Inc,email@domain.com
3158,Mid-South Plumbing & Electric Supply,email@domain.com
3160,Wholesale Electric Supply,email@domain.com
3162,Wholesale Electric Supply,ncase@derdeninc.com
3163,Seyller Electric Inc,dfox@seyllerelectric.com
3164,Keathley Patterson Electric Co,rodney@kpelectric.com
3166,Keathley Patterson Electric,email@domain.com
3180,McGrew Service Co,email@domain.com
3182,McGrew Service Co,rodney@kpelectric.com
3189,Wallworth Heating & Air Conditioning,corporate.off
3194,GPS Technologies,filler@godaddy.com
3195,Verizon Authorized Retailer  Russell Cellular,info@russellcellular.com
3198,GPS Technologies,email@domain.com
3204,GPS Technologies,ncase@derdeninc.com
3205,Seyller Electric Inc,info@russellcellular.com
3206,Rent-A-Center,dfox@seyllerelectric.com
3211,Display Studios Inc.,info@displaystudios.com
3214,Display Studios Inc.,email@domain.com
3226,Pioneer Scale Co Inc,mcallen@textape.com
3238,Memphis Scale Works Inc,mcallen@textape.com
3247,"Koontz Electric Company, Incorporated",info@system-scale.com
3249,Convergence Technologies,hello@avsimplified.com
3254,Mellor Electronics,email@domain.com
3256,Westweb,email@domain.com
3258,U.S. Cellular,email@domain.com
3260,U.S. Cellular,sales@arkansascashregister.com
3266,Innovation Industries Inc,alexandria@staples.com
3268,ThyssenKrupp Elevator,email@domain.com
3270,Ameriglide,email@domain.com
3272,Schindler,email@domain.com
3274,Farmers Supply,sales@douthitsradio.com
3276,Residential Elevator Pro,email@domain.com
3280,Cheep Cheep Postcards - Direct Mail Advertising,email@domain.com
3290,Inner Workings Inc - CLOSED,email@domain.com
3292,Works Of Art,email@domain.com
3294,Cherry Hill Volunteer Fire,sales@cheep-cheep.com
3295,Petitjean Mt Fire Dept,petitjean@arkansas.com
3296,Morrilton Fire Department Main Station,cityofmorrilton@suddenlink.net
3298,Urgent Team,jennifer.lan
3299,Overcup Fire Department,cityofmorrilton@suddenlink.net
3301,Lake Norrell Fire Protection,email@domain.com
3303,Alicia Fire Dept,email@domain.com
3305,Stuttgart City Hall,email@domain.com
3307,Southern Paramedic Service,info@southernparamedic.com
3309,One Horse Volunteer Fire Department,nfaonlinehelp@fema.dhs
3311,Harrison Mediquick,email@domain.com
3322,Colorado Technical University - Online/Stonecliffe,nfaonlinehelp@fema.dhs
3328,Colton's Steakhouse,adm@uaccm.edu
3331,Terminix,email@domain.com
3334,Van H Nichols CA SI,rrobison@pccua.edu
3336,Rooster's Bbq,email@domain.com
3338,Rendezvous Formal Wear,adm@uaccm.edu
3340,Nouri Formal Wear,email@domain.com
3342,Pete's Western Wear,email@domain.com
3344,Crossroads Western Wear,email@domain.com
3347,Immanuel Outreach Church Ministries,adm@uaccm.edu
3348,His Way Ministries,pastor@hiswaylr.org
3349,City Gate Ministries,citygatehebersprings@gmail.com
3351,His Way Ministries,email@domain.com
3353,Jump Start Ministries,email@domain.com
3355,Immanuel Outreach Church Ministries,email@domain.com
3357,Immanuel Outreach Church Ministries,rrobison@pccua.edu
3360,Harvest Evangelical Free Church,email@domain.com
3362,Balloon Town,citygatehebersprings@gmail.com
3364,Balloon Town,email@domain.com
3367,Cortney Singleton Decorating - CLOSED,email@domain.com
3372,Harrison Decorating Inc - CLOSED,email@domain.com
3374,Crowne Plaza,citygatehebersprings@gmail.com
3381,Wedding Day Designs by Elizabeth,info@4sisterslacrosse.com
3387,Baymont Inn & Suites,email@domain.com
3393,Baymont Inn & Suites,accessibility@wyn.com
3401,Your Main Event,govr@aol.com
3402,Happy Jumpers Inflatables and Party Supplies,susan.gri
3403,Interstate Fireworks,interstatefireworks@suddenlinkmail.com
3404,Hogwild Inc,hogwildfamilyfuncenter@yahoo.com
3406,Hill Barn Event Ctr,email@domain.com
3408,BuzzKill Events,email@domain.com
3410,D.I.V.A.'s Event Planning,email@domain.com
3412,Small Florist & Gifts,accessibility@wyn.com
3414,Explore Harrison,email@domain.com
3416,InterContinental,hogwildfamilyfuncenter@yahoo.com
3419,Holiday Inn Express & Suites Conway,gm@candlewoodconway.com
3420,Candlewood Suites West Little Rock,helpme@isquarecap.com
3421,Staybridge Suites Little Rock - Medical Center,candlewoodsuiteswlr@yahoo.com
3422,Holiday Inn Little Rock-Airport-Conf Ctr,katrice@makanhospitalitymgt.com
3425,Holiday Inn Express & Suites Little Rock-West,candlewoodsuitesar@yahoo.com
3428,Holiday Inn Express & Suites Hot Springs,hiexpress.res
3429,Holiday Inn Express & Suites North Little Rock,eleanor.dep
3438,InterContinental,accessibility@wyn.com
3439,Holiday Inn Express & Suites Pine Bluff/Pines Mall,pinesmallexpress@yahoo.com
3440,Grand Prairie Country Club,grandoaksgc@icloud.com
3441,Holiday Inn Express & Suites White Hall,ihgwhitehall@gmail.com
3442,Staybridge Suites Little Rock - Medical Center,bryan.nel
3443,Candlewood Suites West Little Rock,katrice@makanhospitalitymgt.com
3444,Crowne Plaza Little Rock,candlewoodsuiteswlr@yahoo.com
3446,Holiday Inn Express & Suites Searcy,erica.vau
3449,Holiday Inn Express & Suites North Little Rock,angelica@makanhospitalitymgt.com
3455,Oyster Bar,angelica@makanhospitalitymgt.com
3482,Adams Eye Care Clinic,info@nadc1.com
3486,Ross Eye Care,email@domain.com
3490,Elite Home Health,info@boneseptic.com
3494,Lasik Vision Institute,info@nadc1.com
3495,Cox Eye Care,marketing@visioncarearkansas.com
3496,Russellville Eye Clinic,family_eye_care@yahoo.com
3497,Visioncare Arkansas,marketing@visioncarearkansas.com
3498,Arkansas Eye Care Group,info@arkansaseyecaregroup.com
3500,"Seller, Scott E",2020seller@gmail.com
3501,Camp Eye Care Clinic,cecsearcy@campeyecare.com
3509,Lasik Vision Institute,info@boneseptic.com
3513,ePlastics Custom Plastic Solutions,info@eplastics.com
3516,Tiger Tanks,info@tigertanksinc.com
3517,Accurate Mechanical Contractors Inc.,micki@accmechanicalstl.com
3518,Metal Works Corporation,info@pipebends.com
3519,Plastic Supply And Fabrication Co,plasticsupply@aol.com
3520,Unitherm Furnace LLC,info@unithermfurnace.com
3522,Phoenix Machinery Movers,webmaster@phoenixmachinerymovers.com
3523,"Gangluff Bros. Welding, Inc.",gangluffbros@gmail.com
3524,Cowell Steel Structures Inc,wework@cowellsteel.com
3526,Applica Consumer Products,email@domain.com
3528,ePlastics Custom Plastic Solutions,email@domain.com
3532,ePlastics Custom Plastic Solutions,info@boneseptic.com
3533,Springboard Manufacturing,customerservice@acmeplastics.com
3546,Paint Tech,wework@cowellsteel.com
3548,Action Roofing Company,email@domain.com
3550,Pyramid Interiors Distributors,email@domain.com
3554,Burns Insulation & Siding,email@domain.com
3556,"Baker, Karen F, MD",wework@cowellsteel.com
3559,Abundant Life Pregnancy Resource Center,info@abundantlifeprc.org
3561,Families First,email@domain.com
3565,"Dr. Harrol Cranford, MD",email@domain.com
3567,Ferguson Rural Health Clinic,info@btbautoparts.com
3568,"Dr. Michael Adolph Oltmann, MD",stuttgartchamber@centurylink.net
3571,Psychikes,email@domain.com
3573,CenterPoint Energy,info@abundantlifeprc.org
3574,Carmen's Vacuum & Janitorial Supply,carmensvacuum@gmail.com
3584,Wallworth Heating & Air Conditioning,whfmclinic@whitehallfamilymedicine.com
3586,Parmham Heating & Air,freemyer@ipa.net
3588,FBR CO,email@domain.com
3590,GCR Tires & Service,filler@godaddy.com
3591,Bluebird Hill Berry Farm,rivervalley@locallygrown.net
3592,Central Ohio Bag & Burlap Inc,info@centralohiobagandburlap.com
3594,Twin City Tractor & Equipment,email@domain.com
3596,GCR Tires & Service,email@domain.com
3600,GCR Tires & Service,freemyer@ipa.net
3601,Monsanto Co,global.tal
3602,Adams Fertilizer Equipment Mfg,info@adamsfertequip.com
3603,Heritage Ag Of Ar At Dewitt Inc,sales@heritageag.com
3604,White's Inc,renigade@mediaone.net
3605,Greenway Equipment Inc,info@gogreenway.com
3606,Arkansas County Farm Equip Co of Stuttgart,sales@heritageag.com
3608,Windy Ridge Farm Inc,email@domain.com
3610,Deco Rose Couture Custom Fashions,info@centralohiobagandburlap.com
3612,J Matthew Alterations,email@domain.com
3614,Muse Inspired Fashion,email@domain.com
3616,LSM Boutique,email@domain.com
3619,Twice Born Design,email@domain.com
3621,LuLaRoe Meg Prince,info@centralohiobagandburlap.com
3622,Essential Frills,bridgette@essentialfrills.com
3632,Sonic Drive-In,bridgette@essentialfrills.com
3637,Domino's Pizza,email@domain.com
3641,Sonic Drive-In,sales@heritageag.com
3642,Charley's Grilled Subs,shareyourstuff@charleys.com
